{
  "nodes": [
    {
      "id": "c3befb18-7ab1-4b1d-8b05-1aec0c7d36d8",
      "type": "FilterNode",
      "title": "Filter Node",
      "position": {
        "x": 444.3557169730003,
        "y": 844.7781066809998
      },
      "width": 150,
      "height": 100,
      "color": "#c8e6c9",
      "filter_conditions": [
        {
          "column": "Habitat_Type",
          "operation": "=",
          "value": "Wetland Edge",
          "column_type": "categorical"
        }
      ]
    },
    {
      "id": "26fa0c07-3fd1-4ae8-9d79-6d1bfecd2ab0",
      "type": "PlotNode",
      "title": "Plot Node",
      "position": {
        "x": 642.4892568000004,
        "y": 951.6691687639998
      },
      "width": 150,
      "height": 100,
      "color": "#ffe4c4",
      "plot_config": {
        "plot_type": "bar",
        "theme": "Default",
        "title": "Site Health Index by Habitat (Meadow)",
        "x_label": "Site",
        "y_label": "Health Index",
        "legend_position": "best",
        "show_grid": false,
        "x_column": "Site_ID",
        "y_columns": [
          "Site_Health_Index"
        ]
      }
    },
    {
      "id": "2f20ce30-09bf-4829-934f-0d4fb374d168",
      "type": "FilterNode",
      "title": "Filter Node",
      "position": {
        "x": 457.207006493,
        "y": 954.7339692939995
      },
      "width": 150,
      "height": 100,
      "color": "#c8e6c9",
      "filter_conditions": [
        {
          "column": "Habitat_Type",
          "operation": "=",
          "value": "Meadow",
          "column_type": "categorical"
        }
      ]
    },
    {
      "id": "1cc933b4-8169-4490-af3c-85bea175c3fa",
      "type": "PlotNode",
      "title": "Plot Node",
      "position": {
        "x": 628.7805317560003,
        "y": 841.0702295079993
      },
      "width": 150,
      "height": 100,
      "color": "#ffe4c4",
      "plot_config": {
        "plot_type": "bar",
        "theme": "Default",
        "title": "Site Health Index by Habitat (Wetland Edge)",
        "x_label": "Site",
        "y_label": "Health Index",
        "legend_position": "best",
        "show_grid": false,
        "x_column": "Site_ID",
        "y_columns": [
          "Site_Health_Index"
        ]
      }
    },
    {
      "id": "fdb649bf-6b98-4d96-a0ba-2d24e0ae79a0",
      "type": "FilterNode",
      "title": "Filter Node",
      "position": {
        "x": 441.1403337580002,
        "y": 712.7330359849994
      },
      "width": 150,
      "height": 100,
      "color": "#c8e6c9",
      "filter_conditions": [
        {
          "column": "Habitat_Type",
          "operation": "=",
          "value": "Forest Edge",
          "column_type": "categorical"
        }
      ]
    },
    {
      "id": "c48f8fc1-1410-4b7c-9e46-44e47acaff61",
      "type": "PlotNode",
      "title": "Plot Node",
      "position": {
        "x": 630.7097616849998,
        "y": 716.0990018849997
      },
      "width": 150,
      "height": 100,
      "color": "#ffe4c4",
      "plot_config": {
        "plot_type": "bar",
        "theme": "Default",
        "title": "Site Health Index by Habitat (Forest Edge)",
        "x_label": "Site",
        "y_label": "Health Index",
        "legend_position": "best",
        "show_grid": false,
        "x_column": "Site_ID",
        "y_columns": [
          "Site_Health_Index"
        ]
      }
    },
    {
      "id": "28530808-4453-418a-b291-0337e5c390cb",
      "type": "FileLoaderNode",
      "title": "File Loader",
      "position": {
        "x": -638.5758979999998,
        "y": 206.25873199999995
      },
      "width": 150,
      "height": 100,
      "color": "#ffecb3",
      "file_path": "/home/drew/DANCR_copy/human_impacts_sample.csv",
      "selected_columns": [
        "Site_ID",
        "Development_Proximity",
        "Road_Distance",
        "Foot_Traffic",
        "Pesticide_Concentration",
        "Land_Use_Change",
        "Protected_Status",
        "Management_Intensity"
      ]
    },
    {
      "id": "8a37a3e7-d462-40e7-b8a8-fff995493e27",
      "type": "FileLoaderNode",
      "title": "File Loader",
      "position": {
        "x": -956.0,
        "y": -8.0
      },
      "width": 150,
      "height": 100,
      "color": "#ffecb3",
      "file_path": "/home/drew/DANCR_copy/habitat_characteristics_sample.csv",
      "selected_columns": [
        "Site_ID",
        "Habitat_Type",
        "Vegetation_Diversity",
        "Dominant_Plant",
        "Canopy_Cover",
        "Soil_pH",
        "Soil_Moisture",
        "Soil_Disturbance",
        "Elevation",
        "Slope",
        "Host_Plant_Abundance"
      ]
    },
    {
      "id": "ef3c5266-ab1b-4881-913b-218248535515",
      "type": "FilterNode",
      "title": "Filter Node",
      "position": {
        "x": 441.15057709800044,
        "y": 577.0541076519997
      },
      "width": 150,
      "height": 100,
      "color": "#c8e6c9",
      "filter_conditions": [
        {
          "column": "Habitat_Type",
          "operation": "=",
          "value": "Prairie",
          "column_type": "categorical"
        }
      ]
    },
    {
      "id": "8d527428-b94b-487c-a014-47d86ff34862",
      "type": "PlotNode",
      "title": "Plot Node",
      "position": {
        "x": 504.94271714700017,
        "y": 203.1395851870001
      },
      "width": 150,
      "height": 100,
      "color": "#ffe4c4",
      "plot_config": {
        "plot_type": "scatter",
        "theme": "Default",
        "title": "Impact of Pesticides on Population Density",
        "x_label": "Pesticide Concentration",
        "y_label": "Population Density",
        "legend_position": "best",
        "show_grid": false,
        "x_column": "Pesticide_Concentration",
        "y_column": "Population_Density",
        "marker": "o",
        "marker_size": 20,
        "color_column": "Protected_Status",
        "show_best_fit": true,
        "best_fit_type": "Linear"
      }
    },
    {
      "id": "eefd18ca-94cc-45fd-8851-81dd35b3078e",
      "type": "PlotNode",
      "title": "Plot Node",
      "position": {
        "x": 627.7189806910003,
        "y": 577.6334080989996
      },
      "width": 150,
      "height": 100,
      "color": "#ffe4c4",
      "plot_config": {
        "plot_type": "bar",
        "theme": "Default",
        "title": "Site Health Index by Habitat (Prairie)",
        "x_label": "Site",
        "y_label": "Health Index",
        "legend_position": "best",
        "show_grid": false,
        "x_column": "Site_ID",
        "y_columns": [
          "Site_Health_Index"
        ]
      }
    },
    {
      "id": "ccb1c394-aa3b-4487-b562-b84982b8440a",
      "type": "PlotNode",
      "title": "Plot Node",
      "position": {
        "x": 495.3762877470002,
        "y": -206.33902435299999
      },
      "width": 150,
      "height": 100,
      "color": "#ffe4c4",
      "plot_config": {
        "plot_type": "time_series",
        "theme": "Default",
        "title": "Butterfly Population Trends (2018-2023)",
        "x_label": "Time",
        "y_label": "Count",
        "legend_position": "best",
        "show_grid": false,
        "x_column": "Survey_Date",
        "lines": [
          {
            "marker": "o",
            "style": "-",
            "y_column": "Count"
          }
        ],
        "show_ma": false,
        "ma_window": 7,
        "show_decomposition": false,
        "show_forecast": false,
        "forecast_periods": 30
      }
    },
    {
      "id": "2815856f-b408-4eb7-a8cf-61a39c4d3733",
      "type": "CalculationNode",
      "title": "Calculation Node",
      "position": {
        "x": 196.64327100000008,
        "y": 201.95795400000003
      },
      "width": 150,
      "height": 100,
      "color": "#c8e6c9",
      "formulas": {},
      "saved_formulas": {
        "New Formula": {
          "formula": "`Count`/`Host_Plant_Abundance`",
          "column_name": "Population_Density"
        },
        "New Formula 1": {
          "formula": "(`Count` / `Host_Plant_Abundance`) * (100 - `Pesticide_Concentration`)",
          "column_name": "Site_Health_Index"
        }
      },
      "retain_non_calculated_columns": true
    },
    {
      "id": "9a14abb7-ad1f-4088-9298-39a6619ac8f0",
      "type": "JoinNode",
      "title": "Join Node",
      "position": {
        "x": -116.07384800000001,
        "y": 206.657715
      },
      "width": 150,
      "height": 100,
      "color": "#c8e6c9",
      "category": null,
      "join_method": "full_outer",
      "last_operation": "join"
    },
    {
      "id": "0cfc68a1-0ad9-49ce-97b3-0a3ef1844963",
      "type": "JoinNode",
      "title": "Join Node",
      "position": {
        "x": -378.88346299999995,
        "y": -5.7715610000000055
      },
      "width": 150,
      "height": 100,
      "color": "#c8e6c9",
      "category": null,
      "join_method": "full_outer",
      "last_operation": "join"
    },
    {
      "id": "86111f21-5275-4d6b-a3ec-42e29fe66df4",
      "type": "FilterNode",
      "title": "Filter Node",
      "position": {
        "x": -629.0,
        "y": -165.0
      },
      "width": 150,
      "height": 100,
      "color": "#c8e6c9",
      "filter_conditions": [
        {
          "column": "Year",
          "operation": ">=",
          "value": "2020",
          "column_type": "numeric"
        }
      ]
    },
    {
      "id": "c54799d4-ba9f-4ca9-bd03-cb761005e9c7",
      "type": "FileLoaderNode",
      "title": "File Loader",
      "position": {
        "x": -957.0,
        "y": -318.0
      },
      "width": 150,
      "height": 100,
      "color": "#ffecb3",
      "file_path": "/home/drew/DANCR_copy/leonardus_population_surveys_sample.csv",
      "selected_columns": [
        "Survey_ID",
        "Site_ID",
        "Survey_Date",
        "Year",
        "Month",
        "Count",
        "Observer",
        "Notes"
      ]
    }
  ],
  "connections": [
    {
      "id": "b34c5aff-6d51-4614-bd3d-7151ab779b55",
      "start_node": "2815856f-b408-4eb7-a8cf-61a39c4d3733",
      "end_node": "2f20ce30-09bf-4829-934f-0d4fb374d168",
      "start_is_output": true
    },
    {
      "id": "f2002944-7eeb-4fab-a1bf-180fc7eecbc5",
      "start_node": "2815856f-b408-4eb7-a8cf-61a39c4d3733",
      "end_node": "c3befb18-7ab1-4b1d-8b05-1aec0c7d36d8",
      "start_is_output": true
    },
    {
      "id": "292909f0-c312-4835-8990-0bbc4922ef68",
      "start_node": "c3befb18-7ab1-4b1d-8b05-1aec0c7d36d8",
      "end_node": "1cc933b4-8169-4490-af3c-85bea175c3fa",
      "start_is_output": true
    },
    {
      "id": "e304835d-880a-4d26-a577-f84de8569b0f",
      "start_node": "2f20ce30-09bf-4829-934f-0d4fb374d168",
      "end_node": "26fa0c07-3fd1-4ae8-9d79-6d1bfecd2ab0",
      "start_is_output": true
    },
    {
      "id": "9d0ef32f-72f1-4687-a2cd-be180879a199",
      "start_node": "2815856f-b408-4eb7-a8cf-61a39c4d3733",
      "end_node": "fdb649bf-6b98-4d96-a0ba-2d24e0ae79a0",
      "start_is_output": true
    },
    {
      "id": "2a93fe10-0081-474c-8d78-619df8cc83e6",
      "start_node": "fdb649bf-6b98-4d96-a0ba-2d24e0ae79a0",
      "end_node": "c48f8fc1-1410-4b7c-9e46-44e47acaff61",
      "start_is_output": true
    },
    {
      "id": "a1789084-8399-414b-92fa-fa8ea4b32d59",
      "start_node": "ef3c5266-ab1b-4881-913b-218248535515",
      "end_node": "eefd18ca-94cc-45fd-8851-81dd35b3078e",
      "start_is_output": true
    },
    {
      "id": "0b52814b-18d5-48ce-9a6e-112122ea1425",
      "start_node": "2815856f-b408-4eb7-a8cf-61a39c4d3733",
      "end_node": "ef3c5266-ab1b-4881-913b-218248535515",
      "start_is_output": true
    },
    {
      "id": "8825acd9-71f5-47fc-b717-7ded2387c021",
      "start_node": "2815856f-b408-4eb7-a8cf-61a39c4d3733",
      "end_node": "8d527428-b94b-487c-a014-47d86ff34862",
      "start_is_output": true
    },
    {
      "id": "27cd6e65-ff92-4f44-8ef8-5fd84514bc62",
      "start_node": "2815856f-b408-4eb7-a8cf-61a39c4d3733",
      "end_node": "ccb1c394-aa3b-4487-b562-b84982b8440a",
      "start_is_output": true
    },
    {
      "id": "9502779d-b24c-4dac-b2da-3c4918f657cd",
      "start_node": "9a14abb7-ad1f-4088-9298-39a6619ac8f0",
      "end_node": "2815856f-b408-4eb7-a8cf-61a39c4d3733",
      "start_is_output": true
    },
    {
      "id": "eb114ca7-02ee-43ab-b155-1f545f9cd72e",
      "start_node": "0cfc68a1-0ad9-49ce-97b3-0a3ef1844963",
      "end_node": "9a14abb7-ad1f-4088-9298-39a6619ac8f0",
      "start_is_output": true
    },
    {
      "id": "de278ae8-2242-4d8b-8dba-265021402d63",
      "start_node": "28530808-4453-418a-b291-0337e5c390cb",
      "end_node": "9a14abb7-ad1f-4088-9298-39a6619ac8f0",
      "start_is_output": true
    },
    {
      "id": "0777f268-d70b-4dd4-bdb8-624dd6e89ca7",
      "start_node": "8a37a3e7-d462-40e7-b8a8-fff995493e27",
      "end_node": "0cfc68a1-0ad9-49ce-97b3-0a3ef1844963",
      "start_is_output": true
    },
    {
      "id": "2e6681fa-7081-481b-81e8-c568c6a41c5e",
      "start_node": "86111f21-5275-4d6b-a3ec-42e29fe66df4",
      "end_node": "0cfc68a1-0ad9-49ce-97b3-0a3ef1844963",
      "start_is_output": true
    },
    {
      "id": "b4b6071b-a444-422a-baeb-aa91bcc7dfaf",
      "start_node": "c54799d4-ba9f-4ca9-bd03-cb761005e9c7",
      "end_node": "86111f21-5275-4d6b-a3ec-42e29fe66df4",
      "start_is_output": true
    }
  ],
  "text_boxes": [
    {
      "type": "ResizableTextBox",
      "x": -992.0,
      "y": -485.0,
      "width": 238.0,
      "height": 288.0,
      "html_text": "<!DOCTYPE HTML PUBLIC \"-//W3C//DTD HTML 4.0//EN\" \"http://www.w3.org/TR/REC-html40/strict.dtd\">\n<html><head><meta name=\"qrichtext\" content=\"1\" /><meta charset=\"utf-8\" /><style type=\"text/css\">\np, li { white-space: pre-wrap; }\nhr { height: 1px; border-width: 0; }\nli.unchecked::marker { content: \"\\2610\"; }\nli.checked::marker { content: \"\\2612\"; }\n</style></head><body style=\" font-family:'Source Code Pro'; font-size:11pt; font-weight:400; font-style:normal;\">\n<p style=\" margin-top:0px; margin-bottom:0px; margin-left:0px; margin-right:0px; -qt-block-indent:0; text-indent:0px;\"><span style=\" color:#000000;\">This dataset contains years of butterfly count data across multiple sites, giving us our baseline population trends to investigate.</span></p></body></html>",
      "font": "Source Code Pro,11,-1,5,400,0,0,0,0,0,0,0,0,0,0,1",
      "text_color": "#000000",
      "bg_color": "#50f0f0f0",
      "z_value": 0.0
    },
    {
      "type": "ResizableTextBox",
      "x": -941.5285130162993,
      "y": -1038.5344810240395,
      "width": 1537.8299045932888,
      "height": 456.49867297759977,
      "html_text": "<!DOCTYPE HTML PUBLIC \"-//W3C//DTD HTML 4.0//EN\" \"http://www.w3.org/TR/REC-html40/strict.dtd\">\n<html><head><meta name=\"qrichtext\" content=\"1\" /><meta charset=\"utf-8\" /><style type=\"text/css\">\np, li { white-space: pre-wrap; }\nhr { height: 1px; border-width: 0; }\nli.unchecked::marker { content: \"\\2610\"; }\nli.checked::marker { content: \"\\2612\"; }\n</style></head><body style=\" font-family:'Source Code Pro'; font-size:11pt; font-weight:400; font-style:normal;\">\n<p style=\" margin-top:0px; margin-bottom:0px; margin-left:0px; margin-right:0px; -qt-block-indent:0; text-indent:0px;\"><span style=\" font-size:22pt; font-weight:700; color:#000000;\">The Mystery: </span><span style=\" font-size:25pt; font-weight:700; color:#000000;\">What's Happening to the Leonardus Skipper Butterflies?</span></p>\n<p style=\"-qt-paragraph-type:empty; margin-top:0px; margin-bottom:0px; margin-left:0px; margin-right:0px; -qt-block-indent:0; text-indent:0px; font-size:20pt; color:#000000;\"><br /></p>\n<p style=\" margin-top:0px; margin-bottom:0px; margin-left:0px; margin-right:0px; -qt-block-indent:0; text-indent:0px;\"><span style=\" font-size:20pt; color:#000000;\">Recent surveys suggest Leonardus Skipper butterfly populations are declining across monitoring sites. Your task is to investigate:</span></p>\n<p style=\" margin-top:0px; margin-bottom:0px; margin-left:0px; margin-right:0px; -qt-block-indent:0; text-indent:0px;\"><span style=\" font-size:20pt; color:#000000;\">- How severe is the population decline?</span></p>\n<p style=\" margin-top:0px; margin-bottom:0px; margin-left:0px; margin-right:0px; -qt-block-indent:0; text-indent:0px;\"><span style=\" font-size:20pt; color:#000000;\">- Which sites are most affected?</span></p>\n<p style=\" margin-top:0px; margin-bottom:0px; margin-left:0px; margin-right:0px; -qt-block-indent:0; text-indent:0px;\"><span style=\" font-size:20pt; color:#000000;\">- What environmental factors correlate with population changes?</span></p>\n<p style=\" margin-top:0px; margin-bottom:0px; margin-left:0px; margin-right:0px; -qt-block-indent:0; text-indent:0px;\"><span style=\" font-size:20pt; color:#000000;\">- Are conservation efforts showing any impact?</span></p></body></html>",
      "font": "Source Code Pro,22,-1,5,700,0,0,0,0,0,0,0,0,0,0,1",
      "text_color": "#000000",
      "bg_color": "#508ff0a4",
      "z_value": -0.1
    },
    {
      "type": "ResizableTextBox",
      "x": 152.19480550999992,
      "y": 338.6870319799998,
      "width": 739.5381394499994,
      "height": 754.5432611199994,
      "html_text": "<!DOCTYPE HTML PUBLIC \"-//W3C//DTD HTML 4.0//EN\" \"http://www.w3.org/TR/REC-html40/strict.dtd\">\n<html><head><meta name=\"qrichtext\" content=\"1\" /><meta charset=\"utf-8\" /><style type=\"text/css\">\np, li { white-space: pre-wrap; }\nhr { height: 1px; border-width: 0; }\nli.unchecked::marker { content: \"\\2610\"; }\nli.checked::marker { content: \"\\2612\"; }\n</style></head><body style=\" font-family:'Source Code Pro'; font-size:11pt; font-weight:400; font-style:normal;\">\n<p style=\" margin-top:0px; margin-bottom:0px; margin-left:0px; margin-right:0px; -qt-block-indent:0; text-indent:0px;\"><span style=\" color:#000000;\">We now have Bar plots for each habitat type making clear the Site Health Index by Habitat Types so we can determine which sites are most affected by population decline. We can clearly see that the Forest Edge habitat has the worst Site Health Index overall, and the population was nearly wiped out. The Wetland Edge has fantastic site health, however a couple of sites are noticeably in bad shape compared to others. The same is true for the Prairie and Meadow habitats. We can investigate further by creating and adjusting filters based on protected sites vs non protected sites, before, during, and after pesticide concentration increases, etc. I challenge you to put a cap on this mystery by investigating further using the skills learned in this tutorial</span></p></body></html>",
      "font": "Source Code Pro,11,-1,5,400,0,0,0,0,0,0,0,0,0,0,1",
      "text_color": "#000000",
      "bg_color": "#50f0f0f0",
      "z_value": -0.1
    },
    {
      "type": "ResizableTextBox",
      "x": -658.8449999999997,
      "y": 111.27159999999992,
      "width": 730.5858999999997,
      "height": 228.39959999999996,
      "html_text": "<!DOCTYPE HTML PUBLIC \"-//W3C//DTD HTML 4.0//EN\" \"http://www.w3.org/TR/REC-html40/strict.dtd\">\n<html><head><meta name=\"qrichtext\" content=\"1\" /><meta charset=\"utf-8\" /><style type=\"text/css\">\np, li { white-space: pre-wrap; }\nhr { height: 1px; border-width: 0; }\nli.unchecked::marker { content: \"\\2610\"; }\nli.checked::marker { content: \"\\2612\"; }\n</style></head><body style=\" font-family:'Source Code Pro'; font-size:11pt; font-weight:400; font-style:normal;\">\n<p style=\" margin-top:0px; margin-bottom:0px; margin-left:0px; margin-right:0px; -qt-block-indent:0; text-indent:0px;\"><span style=\" color:#000000;\">This step links the the data we have on population counts, the habitat, and potential human impacts, so we can nail down the cause of why there are declining populations and what we can do to stop it</span></p></body></html>",
      "font": "Source Code Pro,11,-1,5,400,0,0,0,0,0,0,0,0,0,0,1",
      "text_color": "#000000",
      "bg_color": "#50f0f0f0",
      "z_value": -0.1
    },
    {
      "type": "ResizableTextBox",
      "x": 429.1464797619999,
      "y": -58.94869227499996,
      "width": 311.24909521200027,
      "height": 381.98752594200005,
      "html_text": "<!DOCTYPE HTML PUBLIC \"-//W3C//DTD HTML 4.0//EN\" \"http://www.w3.org/TR/REC-html40/strict.dtd\">\n<html><head><meta name=\"qrichtext\" content=\"1\" /><meta charset=\"utf-8\" /><style type=\"text/css\">\np, li { white-space: pre-wrap; }\nhr { height: 1px; border-width: 0; }\nli.unchecked::marker { content: \"\\2610\"; }\nli.checked::marker { content: \"\\2612\"; }\n</style></head><body style=\" font-family:'Source Code Pro'; font-size:11pt; font-weight:400; font-style:normal;\">\n<p style=\" margin-top:0px; margin-bottom:0px; margin-left:0px; margin-right:0px; -qt-block-indent:0; text-indent:0px;\"><span style=\" color:#000000;\">This plot reveals a key finding in our investigation - a clear negative correlation between pesticide levels and butterfly population density. Protected sites (shown in a different color) maintain higher population densities even with some pesticide presence, suggesting protective measures help buffer against chemical impacts.</span></p></body></html>",
      "font": "Source Code Pro,11,-1,5,400,0,0,0,0,0,0,0,0,0,0,1",
      "text_color": "#000000",
      "bg_color": "#50f0f0f0",
      "z_value": -0.1
    },
    {
      "type": "ResizableTextBox",
      "x": 424.43058438,
      "y": -565.90744584,
      "width": 304.1752521390001,
      "height": 473.94748589100004,
      "html_text": "<!DOCTYPE HTML PUBLIC \"-//W3C//DTD HTML 4.0//EN\" \"http://www.w3.org/TR/REC-html40/strict.dtd\">\n<html><head><meta name=\"qrichtext\" content=\"1\" /><meta charset=\"utf-8\" /><style type=\"text/css\">\np, li { white-space: pre-wrap; }\nhr { height: 1px; border-width: 0; }\nli.unchecked::marker { content: \"\\2610\"; }\nli.checked::marker { content: \"\\2612\"; }\n</style></head><body style=\" font-family:'Source Code Pro'; font-size:11pt; font-weight:400; font-style:normal;\">\n<p style=\" margin-top:0px; margin-bottom:0px; margin-left:0px; margin-right:0px; -qt-block-indent:0; text-indent:0px;\"><span style=\" color:#000000;\">Initial examination of the 2020-2023 butterfly population data appeared to contradict reports of decline, instead showing an increasing trend that didn't align with concerns. However, after expanding our analysis to include earlier data from 2018-2019, we confirmed that a significant population decline had indeed occurred prior to 2020, with the recent upward trajectory from 2021-2023 potentially representing recovery that coincides with the implementation of conservation efforts.</span></p></body></html>",
      "font": "Source Code Pro,11,-1,5,400,0,0,0,0,0,0,0,0,0,0,1",
      "text_color": "#000000",
      "bg_color": "#50f0f0f0",
      "z_value": -0.1
    },
    {
      "type": "ResizableTextBox",
      "x": 150.58268500000008,
      "y": -113.3799040000001,
      "width": 251.561662,
      "height": 437.5755670000002,
      "html_text": "<!DOCTYPE HTML PUBLIC \"-//W3C//DTD HTML 4.0//EN\" \"http://www.w3.org/TR/REC-html40/strict.dtd\">\n<html><head><meta name=\"qrichtext\" content=\"1\" /><meta charset=\"utf-8\" /><style type=\"text/css\">\np, li { white-space: pre-wrap; }\nhr { height: 1px; border-width: 0; }\nli.unchecked::marker { content: \"\\2610\"; }\nli.checked::marker { content: \"\\2612\"; }\n</style></head><body style=\" font-family:'Source Code Pro'; font-size:11pt; font-weight:400; font-style:normal;\">\n<p style=\" margin-top:0px; margin-bottom:0px; margin-left:0px; margin-right:0px; -qt-block-indent:0; text-indent:0px;\"><span style=\" color:#000000;\">Raw counts don't tell the whole story. Population_Density shows butterflies per host plant - a critical metric that accounts for habitat carrying capacity. The Site_Health_Index integrates both host plant availability and pesticide impact, creating a composite measure of habitat quality.</span></p></body></html>",
      "font": "Source Code Pro,11,-1,5,400,0,0,0,0,0,0,0,0,0,0,1",
      "text_color": "#000000",
      "bg_color": "#50f0f0f0",
      "z_value": -0.1
    },
    {
      "type": "ResizableTextBox",
      "x": -423.543122,
      "y": -262.14434700000004,
      "width": 241.07233899999997,
      "height": 373.75269000000014,
      "html_text": "<!DOCTYPE HTML PUBLIC \"-//W3C//DTD HTML 4.0//EN\" \"http://www.w3.org/TR/REC-html40/strict.dtd\">\n<html><head><meta name=\"qrichtext\" content=\"1\" /><meta charset=\"utf-8\" /><style type=\"text/css\">\np, li { white-space: pre-wrap; }\nhr { height: 1px; border-width: 0; }\nli.unchecked::marker { content: \"\\2610\"; }\nli.checked::marker { content: \"\\2612\"; }\n</style></head><body style=\" font-family:'Source Code Pro'; font-size:11pt; font-weight:400; font-style:normal;\">\n<p style=\" margin-top:0px; margin-bottom:0px; margin-left:0px; margin-right:0px; -qt-block-indent:0; text-indent:0px;\"><span style=\" color:#000000;\">This critical step links butterfly counts with habitat characteristics for each site. The join operation matches records by Site_ID, allowing us to analyze how specific habitat features might influence butterfly populations.</span></p></body></html>",
      "font": "Source Code Pro,11,-1,5,400,0,0,0,0,0,0,0,0,0,0,1",
      "text_color": "#000000",
      "bg_color": "#50f0f0f0",
      "z_value": -0.1
    },
    {
      "type": "ResizableTextBox",
      "x": -670.0,
      "y": -418.0,
      "width": 229.0,
      "height": 366.0,
      "html_text": "<!DOCTYPE HTML PUBLIC \"-//W3C//DTD HTML 4.0//EN\" \"http://www.w3.org/TR/REC-html40/strict.dtd\">\n<html><head><meta name=\"qrichtext\" content=\"1\" /><meta charset=\"utf-8\" /><style type=\"text/css\">\np, li { white-space: pre-wrap; }\nhr { height: 1px; border-width: 0; }\nli.unchecked::marker { content: \"\\2610\"; }\nli.checked::marker { content: \"\\2612\"; }\n</style></head><body style=\" font-family:'Source Code Pro'; font-size:11pt; font-weight:400; font-style:normal;\">\n<p style=\" margin-top:0px; margin-bottom:0px; margin-left:0px; margin-right:0px; -qt-block-indent:0; text-indent:0px;\"><span style=\" color:#000000;\">By focusing on data from 2020 onward, we can examine the most recent trends, which are most relevant for current conservation decisions. This period also coincides with intensified development and restoration efforts at certain sites.</span></p></body></html>",
      "font": "Source Code Pro,11,-1,5,400,0,0,0,0,0,0,0,0,0,0,1",
      "text_color": "#000000",
      "bg_color": "#50f0f0f0",
      "z_value": -0.1
    },
    {
      "type": "ResizableTextBox",
      "x": -997.0,
      "y": -186.0,
      "width": 247.0,
      "height": 308.0,
      "html_text": "<!DOCTYPE HTML PUBLIC \"-//W3C//DTD HTML 4.0//EN\" \"http://www.w3.org/TR/REC-html40/strict.dtd\">\n<html><head><meta name=\"qrichtext\" content=\"1\" /><meta charset=\"utf-8\" /><style type=\"text/css\">\np, li { white-space: pre-wrap; }\nhr { height: 1px; border-width: 0; }\nli.unchecked::marker { content: \"\\2610\"; }\nli.checked::marker { content: \"\\2612\"; }\n</style></head><body style=\" font-family:'Source Code Pro'; font-size:11pt; font-weight:400; font-style:normal;\">\n<p style=\" margin-top:0px; margin-bottom:0px; margin-left:0px; margin-right:0px; -qt-block-indent:0; text-indent:0px;\"><span style=\" color:#000000;\">To identify causes of population decline, we need habitat information (vegetation diversity, soil conditions, host plants) that might explain the changes we're seeing.</span></p></body></html>",
      "font": "Source Code Pro,11,-1,5,400,0,0,0,0,0,0,0,0,0,0,1",
      "text_color": "#000000",
      "bg_color": "#50f0f0f0",
      "z_value": -0.1
    }
  ],
  "mood_board_items": [
    {
      "file_path": "/home/drew/DANCR_copy/Figure_2.png",
      "file_name": "Figure_2.png",
      "x": 760.3556021783152,
      "y": 52.49734739242383,
      "width": 485.0298400386995,
      "height": 242.51492001934974,
      "current_width": 485.0298400386995,
      "current_height": 242.51492001934974,
      "is_image": true,
      "is_gif": false,
      "is_pdf": false,
      "is_url": false
    },
    {
      "file_path": "/home/drew/Downloads/35675212220_9c9a2b5409_b-removebg-preview.png",
      "file_name": "35675212220_9c9a2b5409_b-removebg-preview.png",
      "x": 79.88726777107996,
      "y": -984.3252636079491,
      "width": 550.6515242792295,
      "height": 402.61678230690245,
      "current_width": 550.6515242792295,
      "current_height": 402.61678230690245,
      "is_image": true,
      "is_gif": false,
      "is_pdf": false,
      "is_url": false
    }
  ],
  "version": "1.0",
  "_platform_info": {
    "export_platform": "Linux",
    "drive_letter": null,
    "path_mappings": {},
    "python_version": "3.13.2",
    "platform_details": {
      "system": "Linux",
      "release": "6.13.5-200.fc41.x86_64",
      "machine": "x86_64"
    }
  }
}